fragid,molid,scanid,mz,mass,score,parentfragid,atoms,deltah,deltappm,smiles,formula
1,1,1,524.036,523.0290099964,1.5,0,"0,1,2,3,4,5,6,7,8,9,10,11,12,13,14,15,16,17,18,19,20,21,22,23,24,25,26,27,28,29,30,31,32,33",1.0078250321,-0.546581723350786,CON=C(C(=O)NC1C(=O)N2C(C(=O)O)=C(CSC(=O)c3ccco3)CSC12)c1csc(N)n1,C19H17N5O7S3<br>[M+H]+
2,1,2,241.0403,240.0317108339,3.0,1,"0,1,2,3,4,5,6,7,8,9,10,11,12,13,16,17",1.0078250321,5.4461183463353,CON=C(C(=O)NCC=O)c1csc(N)n1,C8H8N4O3S<br>[X+H]+
