fragid,molid,scanid,mz,mass,score,parentfragid,atoms,deltah,deltappm,smiles,formula
1,2,1,863.691,862.6839113774,1.0,0,"0,1,2,3,4,5,6,7,8,9,10,11,12,13,14,15,16,17,18,19,20,21,22,23,24,25,26,27,28,29,30,31,32,33,34,35,36,37,38,39,40,41,42,43,44,45,46,47,48,49,50,51,52,53,54,55,56,57,58,59,60,61,62",1.0078250321,-0.217449874823929,COC1=C(OC)C(=O)C(CC=C(C)CCC=C(C)CCC=C(C)CCC=C(C)CCC=C(C)CCC=C(C)CCC=C(C)CCC=C(C)CCC=C(C)CCC=C(C)C)=C(C)C1=O,C59H90O4<br>[M+H]+
2,2,2,197.080841,195.0657338415,2.0,1,"0,1,2,3,4,5,6,7,8,9,59,60,61,62",2.0156500642,0.028893219501313,COC1C(=O)C(C)=C(C)C(=O)C=1OC,C10H11O4<br>[X+2H]+
